https://www.dwarkeshpatel.com/p/gwern-branwen,False
https://www.dwarkeshpatel.com/p/dylan-jon,False
https://www.dwarkeshpatel.com/p/daniel-yergin,False
https://www.dwarkeshpatel.com/p/david-reich,False
https://www.dwarkeshpatel.com/p/joe-carlsmith,False
https://www.dwarkeshpatel.com/p/patrick-mckenzie,False
https://www.dwarkeshpatel.com/p/tony-blair,False
https://www.dwarkeshpatel.com/p/francois-chollet,False
https://www.dwarkeshpatel.com/p/leopold-aschenbrenner,False
https://www.dwarkeshpatel.com/p/john-schulman,False
https://www.dwarkeshpatel.com/p/mark-zuckerberg,False
https://www.dwarkeshpatel.com/p/sholto-douglas-trenton-bricken,False
https://www.dwarkeshpatel.com/p/demis-hassabis,False
https://www.dwarkeshpatel.com/p/patrick-collison,False
https://www.dwarkeshpatel.com/p/tyler-cowen-3,False
https://www.dwarkeshpatel.com/p/lyndon-johnson-narration,False
https://www.dwarkeshpatel.com/p/will-scaling-work-narration,False
https://www.dwarkeshpatel.com/p/jung-chang,False
https://www.dwarkeshpatel.com/p/andrew-roberts,False
https://www.dwarkeshpatel.com/p/dominic-cummings,False
https://www.dwarkeshpatel.com/p/paul-christiano,False
https://www.dwarkeshpatel.com/p/shane-legg,False
https://www.dwarkeshpatel.com/p/grant-sanderson,False
https://www.dwarkeshpatel.com/p/sarah-paine,False
https://www.dwarkeshpatel.com/p/dario-amodei,False
https://www.dwarkeshpatel.com/p/andy-matuschak,False
https://www.dwarkeshpatel.com/p/carl-shulman-2,False
https://www.dwarkeshpatel.com/p/carl-shulman,False
https://www.dwarkeshpatel.com/p/richard-rhodes,False
https://www.dwarkeshpatel.com/p/eliezer-yudkowsky,False
https://www.dwarkeshpatel.com/p/ilya-sutskever,False
https://www.dwarkeshpatel.com/p/nat-friedman,False
https://www.dwarkeshpatel.com/p/brett-harrison,False
https://www.dwarkeshpatel.com/p/marc-andreessen,False
https://www.dwarkeshpatel.com/p/garett-jones,False
https://www.dwarkeshpatel.com/p/lars-doucet,False
https://www.dwarkeshpatel.com/p/holden-karnofsky,False
https://www.dwarkeshpatel.com/p/bethany-mclean,False
https://www.dwarkeshpatel.com/p/nadia-asparouhova,False
https://www.dwarkeshpatel.com/p/byrne-hobart-2,False
https://www.dwarkeshpatel.com/p/edward-glaeser,False
https://www.dwarkeshpatel.com/p/kenneth-jackson,False
https://www.dwarkeshpatel.com/p/brian-potter,False
https://www.dwarkeshpatel.com/p/bryan-caplan-3,False
https://www.dwarkeshpatel.com/p/tyler-cowen-2,False
https://www.dwarkeshpatel.com/p/charles-mann,False
https://www.dwarkeshpatel.com/p/austin-vernon,False
https://www.dwarkeshpatel.com/p/steve-hsu,False
https://www.dwarkeshpatel.com/p/will-macaskill,False
https://www.dwarkeshpatel.com/p/joseph-carlsmith,False
https://www.dwarkeshpatel.com/p/fin-moorhouse,False
https://www.dwarkeshpatel.com/p/alexander-mikaberidze,False
https://www.dwarkeshpatel.com/p/sbf,False
https://www.dwarkeshpatel.com/p/agustin-lebron,False
https://www.dwarkeshpatel.com/p/ananyo-bhattacharya,False
https://www.dwarkeshpatel.com/p/stephen-grugett,False
https://www.dwarkeshpatel.com/p/pradyu-prasad,False
https://www.dwarkeshpatel.com/p/razib-khan,False
https://www.dwarkeshpatel.com/p/jimmy-soni,False
https://www.dwarkeshpatel.com/p/bryan-caplan-2,False
https://www.dwarkeshpatel.com/p/richard-hanania,False
https://www.dwarkeshpatel.com/p/david-deutsch,False
https://www.dwarkeshpatel.com/p/byrne-hobart,False
https://www.dwarkeshpatel.com/p/david-friedman,False
https://www.dwarkeshpatel.com/p/sarah-fitz,False
https://www.dwarkeshpatel.com/p/michael-huemer,False
https://www.dwarkeshpatel.com/p/uncle-bob,False
https://www.dwarkeshpatel.com/p/scott-aaronson,False
https://www.dwarkeshpatel.com/p/scott-young,False
https://www.dwarkeshpatel.com/p/charles-murray,False
https://www.dwarkeshpatel.com/p/alex-tabarrok,False
https://www.dwarkeshpatel.com/p/caleb-watney,False
https://www.dwarkeshpatel.com/p/robin-hanson,False
https://www.dwarkeshpatel.com/p/jason-crawford,False
https://www.dwarkeshpatel.com/p/matjaz-leonardis,False
https://www.dwarkeshpatel.com/p/tyler-cowen,False
https://www.dwarkeshpatel.com/p/bryan-caplan,False
